{
  "mean_daily": -1.1741618164372558e-05,
  "vol_daily": 0.011909832987926017,
  "annual_return": -0.0029545319031980544,
  "annual_vol": 0.18906273745419344,
  "annual_sharpe": -0.015627256554974288,
  "max_drawdown": -0.4241341049939922,
  "worst_day": -0.038422660095031744,
  "hist_VaR_95": -0.02011742463686228
}