{
  "Max Sharpe": {
    "weights": {
      "StockA": 0.18954271410795087,
      "StockB": 0.011354690009082215,
      "StockC": 0.026312378442963812,
      "Bond": 0.7727902174400031
    },
    "ret": 0.0786065628601839,
    "vol": 0.1404901900641308,
    "sharpe": 0.5595163820601435
  }
}