{
  "Max Sharpe": {
    "weights": {
      "StockA": 0.3513117507986956,
      "StockB": 0.3927537062301431,
      "StockC": 0.1699070715933566,
      "Bond": 0.08473532318265296,
      "Gold": 0.0012921481951518022
    },
    "ret": 0.16031288744199096,
    "vol": 0.13006806090791537,
    "sharpe": 1.2325307713742892
  },
  "Min Vol": {
    "weights": {
      "StockA": 0.12801694366400154,
      "StockB": 0.18533284198714875,
      "StockC": 0.17498948032425904,
      "Bond": 0.31528742577865654,
      "Gold": 0.19637330824593402
    },
    "ret": 0.06300527736393688,
    "vol": 0.09152751574373089,
    "sharpe": 0.6883752590898041
  },
  "Risk Parity": {
    "weights": {
      "StockA": 0.17235610419408548,
      "StockB": 0.18737778673148817,
      "StockC": 0.1897642458881998,
      "Bond": 0.24890815479974684,
      "Gold": 0.20159370838647978
    },
    "ret": 0.07490090017391535,
    "vol": 0.09256796086224076,
    "sharpe": 0.8091449727987694
  }
}