{
  "VaR_95": -0.030219092418305653,
  "ES_95": -0.03823996934728492,
  "VaR_99": -0.04134698142095965,
  "ES_99": -0.049580301753846014
}