{
  "beta_hat": 0.961409768968431,
  "entry": 2.0,
  "exit": 0.5,
  "lookback": 60,
  "metrics": {
    "CAGR": 0.005706687736445781,
    "Vol": 0.025056448174908305,
    "Sharpe": 0.22775325922532375,
    "MaxDD": -0.03293909871528233
  }
}