{
  "CAPM": {
    "alpha_daily": -0.00013011765546406512,
    "beta": 1.2365137942023763,
    "r2": 0.6742889747803217
  },
  "FF3": {
    "alpha_daily": -2.422448387708745e-05,
    "beta_mkt": 1.2338252126636886,
    "beta_smb": 0.38199788723296324,
    "beta_hml": -0.23180284213242952,
    "r2": 0.7092026892186262
  }
}