{
  "train_grid": [
    {
      "fast": 10,
      "slow": 50,
      "CAGR": -0.0432241210582871,
      "Vol": 0.08980044140287599,
      "Sharpe": -0.48133528502792844,
      "MaxDD": -0.22576032580103111
    },
    {
      "fast": 20,
      "slow": 100,
      "CAGR": -0.050496299862620275,
      "Vol": 0.07975418197950551,
      "Sharpe": -0.6331492419494233,
      "MaxDD": -0.21810528275236218
    },
    {
      "fast": 50,
      "slow": 200,
      "CAGR": -0.02853487091375151,
      "Vol": 0.05546231998589801,
      "Sharpe": -0.5144911161488891,
      "MaxDD": -0.14236735806563516
    }
  ],
  "test_momentum": {
    "params": [
      10,
      50
    ],
    "metrics": {
      "CAGR": 0.11851252965317882,
      "Vol": 0.11415152134883935,
      "Sharpe": 1.0382036809742774,
      "MaxDD": -0.08981329261586868
    },
    "turnover": 11.446286547364771
  },
  "test_mean_reversion": {
    "params": [
      14,
      30,
      70
    ],
    "metrics": {
      "CAGR": -0.008702413767599948,
      "Vol": 0.019985656826845416,
      "Sharpe": -0.43543296289920125,
      "MaxDD": -0.04162810784046389
    },
    "turnover": 4.9221779021579
  },
  "test_buy_hold": {
    "metrics": {
      "CAGR": 0.19057630791120617,
      "Vol": 0.1778759407080469,
      "Sharpe": 1.0714001407531824,
      "MaxDD": -0.21546292232359177
    }
  }
}