fast,slow,CAGR,Vol,Sharpe,MaxDD
10,50,-0.0432241210582871,0.08980044140287599,-0.48133528502792844,-0.22576032580103111
20,100,-0.050496299862620275,0.07975418197950551,-0.6331492419494233,-0.21810528275236218
50,200,-0.02853487091375151,0.05546231998589801,-0.5144911161488891,-0.14236735806563516
